<?xml version="1.0"?>
<opencv_storage>
<stage3>
  <maxWeakCount>4</maxWeakCount>
  <stageThreshold>-1.0557881593704224e+00</stageThreshold>
  <weakClassifiers>
    <_>
      <internalNodes>
        0 -1 117655 4.3772667646408081e-02</internalNodes>
      <leafValues>
        -6.2318837642669678e-01 5.7575756311416626e-01</leafValues></_>
    <_>
      <internalNodes>
        0 -1 133076 -5.2590547129511833e-03</internalNodes>
      <leafValues>
        5.6738954782485962e-01 -4.9765148758888245e-01</leafValues></_>
    <_>
      <internalNodes>
        0 -1 162174 3.1775905517861247e-04</internalNodes>
      <leafValues>
        3.7775161862373352e-01 -9.3966203927993774e-01</leafValues></_>
    <_>
      <internalNodes>
        0 -1 4310 6.6754475235939026e-02</internalNodes>
      <leafValues>
        -3.1269991397857666e-01 9.8619729280471802e-01</leafValues></_></weakClassifiers></stage3>
</opencv_storage>
