<?xml version="1.0"?>
<opencv_storage>
<stage0>
  <maxWeakCount>6</maxWeakCount>
  <stageThreshold>-5.9288293123245239e-01</stageThreshold>
  <weakClassifiers>
    <_>
      <internalNodes>
        0 -1 91930 6.3540404662489891e-03</internalNodes>
      <leafValues>
        -5.8666664361953735e-01 1.</leafValues></_>
    <_>
      <internalNodes>
        0 -1 124307 -3.8320613093674183e-03</internalNodes>
      <leafValues>
        7.0712614059448242e-01 -4.1572782397270203e-01</leafValues></_>
    <_>
      <internalNodes>
        0 -1 161241 -5.0793547416105866e-05</internalNodes>
      <leafValues>
        -8.2915884256362915e-01 3.6492663621902466e-01</leafValues></_>
    <_>
      <internalNodes>
        0 -1 113346 4.8964801244437695e-03</internalNodes>
      <leafValues>
        -3.6611837148666382e-01 8.9881896972656250e-01</leafValues></_>
    <_>
      <internalNodes>
        0 -1 143911 1.9545527175068855e-03</internalNodes>
      <leafValues>
        -3.2437539100646973e-01 7.8539806604385376e-01</leafValues></_>
    <_>
      <internalNodes>
        0 -1 118982 -8.1863586092367768e-04</internalNodes>
      <leafValues>
        7.3507869243621826e-01 -3.6621111631393433e-01</leafValues></_></weakClassifiers></stage0>
</opencv_storage>
